Unnamed: 0,name,main_category,sub_category,image,link,ratings,no_of_ratings,discount_price,actual_price
5766,Bipto Teddy Bear Face Sling Bag Cute Soft & Fluffy Sling Bags For Girls Kids Cute Shaped Penguin Faux Fur side bags Crossb...,accessories,Bags & Luggage,https://m.media-amazon.com/images/I/81qRh+EFduL._AC_UL320_.jpg,https://www.amazon.in/Bipto-Penguin-Crossbody-Shoulder-handbags/dp/B0BB7GMHV5/ref=sr_1_5771?qid=1679144078&s=luggage&sr=1-5771,5.0,3,₹499,₹999
5000,AS Store Customize Faux Leather Wallet for Men with Personalized Font Name and Charm Gift for Your Loved Once. (Brown),accessories,Bags & Luggage,https://m.media-amazon.com/images/I/51KbTwNxhIL._AC_UL320_.jpg,https://www.amazon.in/AS-Store-Customize-Leather-Personalized/dp/B0BT8GSDJY/ref=sr_1_5005?qid=1679144053&s=luggage&sr=1-5005,,,₹499,"₹1,499"
16760,Skybags Camp 45L Unisex Adjustable Strap Polyester Red Rucksacks,accessories,Bags & Luggage,https://m.media-amazon.com/images/I/817TrztjUyL._AC_UL320_.jpg,https://www.amazon.in/Skybags-Unisex-Adjustable-Polyester-Rucksacks/dp/B0BJ7VVL38/ref=sr_1_16813?qid=1679144448&s=luggage&sr=1-16813,,,"₹2,499","₹5,100"
18732,JEH BAGS Cotton Canvas Jute Side Bags|Sling Zip Bag|Adjustable Strap cross body bag|Medium Printed Shoulder Bag,accessories,Bags & Luggage,https://m.media-amazon.com/images/I/41LNW4yxIeL._AC_UL320_.jpg,https://www.amazon.in/Cotton-Canvas-Cross-Sling-Medium/dp/B09KLYZY85/ref=sr_1_18785?qid=1679144513&s=luggage&sr=1-18785,5.0,2,₹395,₹499
3739,"Hookcart 25mm Tiny Small Brass Lock and Key, Padlocks for Luggage, Suitcase, Baggage Lock, International Locks for Luggage...",accessories,Bags & Luggage,https://m.media-amazon.com/images/I/41q-U9NLT4L._AC_UL320_.jpg,https://www.amazon.in/HookcartTM-Padlocks-Suitcase-International-Travelling/dp/B09N1TP7Q3/ref=sr_1_3748?qid=1679144010&s=luggage&sr=1-3748,4.3,39,₹299,₹499
8189,abrazo Watch Storage Box Display Case Organizer with Faux Leather Finish with 6 Slots Croc Red color,accessories,Bags & Luggage,https://m.media-amazon.com/images/W/IMAGERENDERING_521856-T2/images/I/51vWjc8Uk1L._AC_UL320_.jpg,https://www.amazon.in/Abrazo-Storage-Display-Organizer-Leather/dp/B081Z7XG6Z/ref=sr_1_8198?qid=1679144166&s=luggage&sr=1-8198,4.5,15,₹699,"₹2,999"
10562,Trendifly 4 Set Transparent Travel Toiletry Pouch Makeup Cosmetic Bag Organiser Jewellery Organize for Travelling for Men ...,accessories,Bags & Luggage,https://m.media-amazon.com/images/I/816T6Hx6k5L._AC_UL320_.jpg,https://www.amazon.in/Trendifly-Transparent-Travelling-Stationery-Accessories/dp/B0BQYGYPSK/ref=sr_1_10567?qid=1679144243&s=luggage&sr=1-10567,5.0,2,₹369,₹599
8095,"Skybags Active Polyester Duffle Bag (Blue, Free Size)",accessories,Bags & Luggage,https://m.media-amazon.com/images/I/51KIhRU9BoL._AC_UL320_.jpg,https://www.amazon.in/Skybags-Active-Polyester-Duffle-Blue/dp/B0BBTWTTL9/ref=sr_1_8104?qid=1679144163&s=luggage&sr=1-8104,4.6,3,"₹1,299","₹2,200"
6731,DMS RETAIL Embroidered Daily Use Clutch Purse For Women Return Gift Favour For Women Pack Of 4,accessories,Bags & Luggage,https://m.media-amazon.com/images/I/610V8+7yoLL._AC_UL320_.jpg,https://www.amazon.in/DMS-RETAIL-Embroidered-Clutch-Return/dp/B0897FH9DC/ref=sr_1_6736?qid=1679144114&s=luggage&sr=1-6736,4.0,3,₹299,₹500
2051,"AQVA Printed Cotton Canvas Water Resistant Tote Bag for Women & Men - Reusable Shoulder Bag with Full Top Zipper, Inner Po...",accessories,Bags & Luggage,https://m.media-amazon.com/images/W/IMAGERENDERING_521856-T1/images/I/81r4DZ1My0L._AC_UL320_.jpg,https://www.amazon.in/AQVA-Womens-Tote-Bag-Black/dp/B08CFLDDYW/ref=sr_1_2060?qid=1679143956&s=luggage&sr=1-2060,4.1,692,₹641,"₹1,099"
8598,Faux Leather Briefcase with Combo digit Locking Features and inner Mesh Pocket Medium Briefcase - For Men & Women (Maroon),accessories,Bags & Luggage,https://m.media-amazon.com/images/W/IMAGERENDERING_521856-T2/images/I/413pt9qi7HL._AC_UL320_.jpg,https://www.amazon.in/Leather-Briefcase-Locking-Features-Pocket/dp/B09SHM9PQY/ref=sr_1_8603?qid=1679144180&s=luggage&sr=1-8603,3.0,15,"₹1,499","₹5,999"
9291,Fastrack Women's Tan Satchel,accessories,Bags & Luggage,https://m.media-amazon.com/images/I/71PdCu47KGL._AC_UL320_.jpg,https://www.amazon.in/Fastrack-A4028PTN01-Womens-Tan-Satchel/dp/B0B2592GLS/ref=sr_1_9300?qid=1679144202&s=luggage&sr=1-9300,3.5,2,"₹2,299","₹3,825"
14372,Hidesign Autumn-Winter Black Leather Men's Passport Holder (8903439781095),accessories,Bags & Luggage,https://m.media-amazon.com/images/W/IMAGERENDERING_521856-T2/images/I/81xno34+7wL._AC_UL320_.jpg,https://www.amazon.in/Hidesign-Passport-Wallet-486-RF/dp/B07XM85P33/ref=sr_1_14429?qid=1679144371&s=luggage&sr=1-14429,4.4,5,,"₹2,595"
8370,"My Fav 3D Printed Bag Backpack, Casual School College, Sports Laptop Backpack for Men, Women Outdoor Travel Lightweight Ba...",accessories,Bags & Luggage,https://m.media-amazon.com/images/I/71wGBqWwUZL._AC_UL320_.jpg,https://www.amazon.in/MY-FAV-Digital-Waterproof-Backpack/dp/B085W9QY72/ref=sr_1_8379?qid=1679144172&s=luggage&sr=1-8379,3.9,23,₹879,"₹1,890"
12809,Hidesign,accessories,Bags & Luggage,https://m.media-amazon.com/images/I/716ZA8UQmHL._AC_UL320_.jpg,https://www.amazon.in/Carnaby-01-Goat-Regular-MN-Blue/dp/B096FQP14K/ref=sr_1_12866?qid=1679144320&s=luggage&sr=1-12866,5.0,1,"₹4,851","₹4,895"
17558,ZAXCER Mini PU Leather Backpack 2-Pieces Cute Bowknot Small Backpack Purse Travel Backpack Handbags Multifunctional Crossb...,accessories,Bags & Luggage,https://m.media-amazon.com/images/I/41hE52M2yoL._AC_UL320_.jpg,https://www.amazon.in/ZAXCER-Backpack-2-Pieces-Multifunctional-Crossbody/dp/B09SZF9V2M/ref=sr_1_17615?qid=1679144473&s=luggage&sr=1-17615,3.5,9,₹299,₹999
15711,Baggit Women's Tote Handbag - Large,accessories,Bags & Luggage,https://m.media-amazon.com/images/I/51GrTjB848L._AC_UL320_.jpg,https://www.amazon.in/Baggit-Womens-Tote-Handbag-Large/dp/B0BGS3PSK1/ref=sr_1_15764?qid=1679144414&s=luggage&sr=1-15764,3.4,5,"₹1,089","₹2,590"
19119,"Samsonite Nylon Tote-a-ton Duffle Luggage (Turquoise, 32.5 Inch )",accessories,Bags & Luggage,https://m.media-amazon.com/images/I/711DmtU0jBL._AC_UL320_.jpg,https://www.amazon.in/Samsonite-Tote-Duffle-Luggage-Turquoise/dp/B003KR1K4A/ref=sr_1_19172?qid=1679144526&s=luggage&sr=1-19172,4.6,"4,624","₹8,144","₹10,999"
8206,HAMMONDS FLYCATCHER Genuine Leather Brown Expandable Hardcase Office Briefcase Handbag with Combination Lock Protected| BR...,accessories,Bags & Luggage,https://m.media-amazon.com/images/W/IMAGERENDERING_521856-T2/images/I/81o3x64+dqL._AC_UL320_.jpg,https://www.amazon.in/Flycatcher-Briefcase-Combination-Accessory-Compartment/dp/B07MM68ZD3/ref=sr_1_8215?qid=1679144166&s=luggage&sr=1-8215,3.8,50,"₹4,299","₹12,999"
7970,Tommy Hilfiger Black Men's Wallet (TH/ADONISSF01),accessories,Bags & Luggage,https://m.media-amazon.com/images/I/51go8CC0NqL._AC_UL320_.jpg,https://www.amazon.in/Tommy-Hilfiger-Wallet-TH-ADONISSF01/dp/B0868WFRQ6/ref=sr_1_7975?qid=1679144159&s=luggage&sr=1-7975,3.0,3,"₹1,624","₹2,499"
6378,"Swiss Military Combo Pack of Soft Sided Laptop Roller Case and Laptop Backpack, Laptop Trolley Bag 32 Liters Black Color, ...",accessories,Bags & Luggage,https://m.media-amazon.com/images/W/IMAGERENDERING_521856-T1/images/I/913o-BKg+JL._AC_UL320_.jpg,https://www.amazon.in/Swiss-Military-Laptop-Backpack-Trolley/dp/B0BTDN823G/ref=sr_1_6387?qid=1679144101&s=luggage&sr=1-6387,,,"₹4,869","₹11,180"
15544,RICHSIGN LEATHER ACCESSORIES Full-Grain Natural Leather Top-Handle satchel Handbags & Shoulder tote Bags For Women (Dimens...,accessories,Bags & Luggage,https://m.media-amazon.com/images/I/71ZvaVa+V8S._AC_UL320_.jpg,https://www.amazon.in/RICHSIGN-Accessories-Full-Grain-Top-Handle-Dimension/dp/B0949V8D11/ref=sr_1_15601?qid=1679144408&s=luggage&sr=1-15601,4.1,141,"₹3,999","₹12,999"
11103,Cross Oak Brown Men's Wallet Stylish Genuine Leather Wallets for Men Latest Gents Purse with Card Holder Compartment (AC01...,accessories,Bags & Luggage,https://m.media-amazon.com/images/I/81m6NQd3B4L._AC_UL320_.jpg,https://www.amazon.in/Cross-Brown-Mens-Wallet-AC018798_3-3/dp/B07GDLWPYJ/ref=sr_1_11108?qid=1679144261&s=luggage&sr=1-11108,4.1,174,"₹1,399","₹2,999"
11527,Caprese Women's Sling Bag (Blush),accessories,Bags & Luggage,https://m.media-amazon.com/images/I/71fSjP37VwL._AC_UL320_.jpg,https://www.amazon.in/Caprese-Opium-Womens-Sling-Blush/dp/B085SNL9H3/ref=sr_1_11532?qid=1679144275&s=luggage&sr=1-11532,3.4,14,₹851,"₹3,699"
15129,Baggit Women's Sling Bag - XX-Small (Gold),accessories,Bags & Luggage,https://m.media-amazon.com/images/W/IMAGERENDERING_521856-T2/images/I/51vebRdoCJL._AC_UL320_.jpg,https://www.amazon.in/Baggit-Womens-Sling-Bag-XX-Small/dp/B0BH95X7Y8/ref=sr_1_15182?qid=1679144396&s=luggage&sr=1-15182,5.0,1,,"₹1,590"
8790,PZMO Stylish Double Ring Hook Metal Combo Key Chain for Cars and Bikes for Men and Girls (Dark Grey and Silver),accessories,Bags & Luggage,https://m.media-amazon.com/images/I/61LNuzWOxyL._AC_UL320_.jpg,https://www.amazon.in/PZMO-Stylish-Double-Metal-Silver/dp/B09QQMRQ68/ref=sr_1_8795?qid=1679144187&s=luggage&sr=1-8795,4.0,50,,₹399
1924,"LetsShave Toiletry Shaving Bag for Men & Women Grey - Water Resistant, Spacious Pouch, Cotton-Nylon Exterior, Travel Organ...",accessories,Bags & Luggage,https://m.media-amazon.com/images/W/IMAGERENDERING_521856-T2/images/I/81WVvI+llVL._AC_UL320_.jpg,https://www.amazon.in/LetsShave-Toiletry-Bag-Green-Resistant/dp/B08M3H4PT5/ref=sr_1_1929?qid=1679143953&s=luggage&sr=1-1929,4.0,44,₹519,₹529
17993,"Xtore FDA CE Certified Cotton Cloth Washable Reusable N95 Cloth Mask Without Valve, 1 Filter & 1 Head Band for Unisex (Ebo...",accessories,Bags & Luggage,https://m.media-amazon.com/images/W/IMAGERENDERING_521856-T2/images/I/61gkNlsYF2L._AC_UL320_.jpg,https://www.amazon.in/Xtore-Washable-Reuseable-Without-Certified/dp/B08WWJL38P/ref=sr_1_18050?qid=1679144487&s=luggage&sr=1-18050,3.7,"4,958",₹281,₹489
14454,Cheeky Chunk 3 Fold Designer Girls Rain Doodle Monsoon Fashion Umbrella,accessories,Bags & Luggage,https://m.media-amazon.com/images/I/81tyBTvGfDL._AC_UL320_.jpg,https://www.amazon.in/Cheeky-Chunk-000003-White-Umbrella/dp/B00YBREMNE/ref=sr_1_14507?qid=1679144374&s=luggage&sr=1-14507,4.0,392,₹690,"₹1,500"
1356,Flat 8% off at checkout||World of Titan - Digital Voucher,accessories,Bags & Luggage,https://m.media-amazon.com/images/I/41jMPOTzwDL._AC_UL320_.jpg,https://www.amazon.in/World-of-Titan-Digital-Voucher/dp/B07F1TTQGP/ref=sr_1_1361?qid=1679143934&s=luggage&sr=1-1361,4.6,303,₹500,"₹10,000"
4391,2 in 1 Genuine Leather Brown Waist & Chest Bag with Adjustable Strap for Women Men Stylish Travel Pouch Passport Holder fo...,accessories,Bags & Luggage,https://m.media-amazon.com/images/W/IMAGERENDERING_521856-T1/images/I/71Tb7nFPRxL._AC_UL320_.jpg,https://www.amazon.in/Genuine-Leather-Adjustable-Passport-Travelling/dp/B0B15GSQM6/ref=sr_1_4400?qid=1679144033&s=luggage&sr=1-4400,3.7,17,"₹1,299","₹3,199"
16870,Hidesign,accessories,Bags & Luggage,https://m.media-amazon.com/images/W/IMAGERENDERING_521856-T2/images/I/615enqoumiL._AC_UL320_.jpg,https://www.amazon.in/Hidesign-Womens-Shoulder-Bag-Tan/dp/B07XZ989C2/ref=sr_1_16927?qid=1679144452&s=luggage&sr=1-16927,4.0,14,,"₹4,001"
2269,Avila 70L Travel Bag Rucksack Backpack for Hiking/ Trekking/ Camping/ Travelling - Grey,accessories,Bags & Luggage,https://m.media-amazon.com/images/I/718G18TJawL._AC_UL320_.jpg,https://www.amazon.in/Avila-Rucksack-Backpack-Trekking-Travelling/dp/B0B5NBNWYC/ref=sr_1_2274?qid=1679143964&s=luggage&sr=1-2274,3.8,63,₹799,"₹1,499"
15077,"F Gear Volga Doby Red 25.5 Ltrs Laptop Backpack (3834), M",accessories,Bags & Luggage,https://m.media-amazon.com/images/I/71CA2DIEGZS._AC_UL320_.jpg,https://www.amazon.in/Gear-Volga-Doby-Laptop-Backpack/dp/B097K84VDX/ref=sr_1_15130?qid=1679144394&s=luggage&sr=1-15130,4.3,7,₹537,"₹1,990"
17661,Nutcase Personalized Passport Cover PU Leather Polyfabric - Cute Helicopter,accessories,Bags & Luggage,https://m.media-amazon.com/images/I/61eNB1NVnqL._AC_UL320_.jpg,https://www.amazon.in/Nutcase-Personalized-Passport-Leather-Polyfabric/dp/B07DLPTVJN/ref=sr_1_17718?qid=1679144476&s=luggage&sr=1-17718,3.8,6,₹499,₹999
14548,Baggit Women's 2 Fold Wallet - Large (Beige),accessories,Bags & Luggage,https://m.media-amazon.com/images/W/IMAGERENDERING_521856-T1/images/I/51wFYorJTGL._AC_UL320_.jpg,https://www.amazon.in/Baggit-Womens-Fold-Wallet-Large/dp/B0BJPPPMNY/ref=sr_1_14601?qid=1679144377&s=luggage&sr=1-14601,,,₹479,₹890
9712,Aadvik Camel Milk Chocolate | A Shark Tank Product | Classic 70g Premium Chocolate,accessories,Bags & Luggage,https://m.media-amazon.com/images/I/511L8Yju-IL._AC_UL320_.jpg,https://www.amazon.in/Aadvik-Camel-Chocolate-Classic-Premium/dp/B09K7S6NJZ/ref=sr_1_9721?qid=1679144216&s=luggage&sr=1-9721,4.4,42,₹247,₹249
5838,"SahiBUY Assorted Key and Tag Label Keychain, Pack of 45",accessories,Bags & Luggage,https://m.media-amazon.com/images/I/41ctfJyoh8L._AC_UL320_.jpg,https://www.amazon.in/SahiBUY-Assorted-Label-Keychain-Pack/dp/B00KG92YLI/ref=sr_1_5847?qid=1679144080&s=luggage&sr=1-5847,4.2,638,₹170,₹499
14926,CHANCY 3 in 1 Ear Buds and Eye Mask Realistic Pillow with Soft Velvet Flocked Finish and Air-lock Facility Travel Kit Comb...,accessories,Bags & Luggage,https://m.media-amazon.com/images/I/41Khymjq3AL._AC_UL320_.jpg,https://www.amazon.in/CHANCY-Air-Travel-Kit-Combo/dp/B07GZKZQFK/ref=sr_1_14983?qid=1679144388&s=luggage&sr=1-14983,3.2,5,₹199,₹299
12363,"SGA Enterprises Cotton Tote Shopping Bags with Extra Strong 12 inch Handle|Hold 15kgs|Heavy Duty, Washable, Eco Friendly C...",accessories,Bags & Luggage,https://m.media-amazon.com/images/I/41nyyHAASgL._AC_UL320_.jpg,https://www.amazon.in/Enterprises-Shopping-Washable-Friendly-Multipurpose/dp/B0B66YV174/ref=sr_1_12420?qid=1679144306&s=luggage&sr=1-12420,3.5,3,₹399,₹999
17579,"DEZFUL Casual Backpack with Laptop Compartment for School, College, Travel Backpack Water Resistant and Lightweight - Grey...",accessories,Bags & Luggage,https://m.media-amazon.com/images/W/IMAGERENDERING_521856-T2/images/I/9144UUaqKQL._AC_UL320_.jpg,https://www.amazon.in/Backpack-Compartment-College-Resistant-Lightweight/dp/B09ZXJPNNH/ref=sr_1_17632?qid=1679144474&s=luggage&sr=1-17632,3.1,11,₹599,"₹1,999"
14593,INDOZY Jute Bag for Lunch Tiffin & Gifting | for Men Women Girl boy Kid Office Daily use Handbag | with Zip & 2 Inside Poc...,accessories,Bags & Luggage,https://m.media-amazon.com/images/W/IMAGERENDERING_521856-T2/images/I/71kUGjh8evL._AC_UL320_.jpg,https://www.amazon.in/INDOZY-Tiffin-Gifting-Handbag-Pockets/dp/B08634BDF8/ref=sr_1_14646?qid=1679144379&s=luggage&sr=1-14646,4.2,45,₹225,₹399
12088,Delsey Rami Polyester 55 Cm 4 Double Wheels Blue Soft Suitcase,accessories,Bags & Luggage,https://m.media-amazon.com/images/I/81j2tuCGg1L._AC_UL320_.jpg,https://www.amazon.in/Delsey-Polyester-Double-Wheels-Suitcase/dp/B0B1C244W7/ref=sr_1_12097?qid=1679144292&s=luggage&sr=1-12097,3.0,3,"₹7,399","₹15,300"
8873,FEDRA Polyester 27 Cms Travel bags(WHITE_BLUE),accessories,Bags & Luggage,https://m.media-amazon.com/images/W/IMAGERENDERING_521856-T2/images/I/71roJwP5PqL._AC_UL320_.jpg,https://www.amazon.in/FEDRA-Expandable-Waterproof-Polyester-Luggage/dp/B08T761PJ5/ref=sr_1_8882?qid=1679144188&s=luggage&sr=1-8882,3.5,32,₹429,"₹2,299"
13479,"savri Personalized Pen, Stainless Steel Advocate Symbol Keychain and Leather Men's wallet Combo with Charm and Your Name E...",accessories,Bags & Luggage,https://m.media-amazon.com/images/W/IMAGERENDERING_521856-T2/images/I/41Nr02myihL._AC_UL320_.jpg,https://www.amazon.in/Personalized-Stainless-Advocate-Engraved-Professional/dp/B09XH5CLHZ/ref=sr_1_13536?qid=1679144341&s=luggage&sr=1-13536,4.5,22,₹899,"₹1,399"
11661,SEASPIRIT LED Rechargeable Headlamp Flashlight 3500 Lumen Waterproof and Comfortable Headlamp 5 Lights 6 Modes Ultra Brigh...,accessories,Bags & Luggage,https://m.media-amazon.com/images/W/IMAGERENDERING_521856-T2/images/I/61QnrulAAtL._AC_UL320_.jpg,https://www.amazon.in/SEASPIRIT-Rechargeable-Flashlight-Waterproof-Comfortable/dp/B08Y6Q7PVK/ref=sr_1_11670?qid=1679144278&s=luggage&sr=1-11670,3.8,11,"₹1,179","₹2,599"
4789,uppercase Medium 21L Quilted Laptop Backpack 2500EBP2 3x more water repellent sustainable bags with rain proof zippers for...,accessories,Bags & Luggage,https://m.media-amazon.com/images/I/51ajQZypwyL._AC_UL320_.jpg,https://www.amazon.in/uppercase-Backpack-2500EBP2-repellent-sustainable/dp/B0BRMYYQK5/ref=sr_1_4798?qid=1679144046&s=luggage&sr=1-4798,4.7,9,"₹1,400","₹2,200"
7917,Kuber Industries Shopping Bag For Grocery| Rexine Foldable Hand Bag|Vegtable Grocery Bag With Inside Zipper Pocket And Man...,accessories,Bags & Luggage,https://m.media-amazon.com/images/I/71jNOXYxlML._AC_UL320_.jpg,https://www.amazon.in/Kuber-Industries-Shopping-Foldable-Vegtable/dp/B0BHYNCQF7/ref=sr_1_7926?qid=1679144156&s=luggage&sr=1-7926,,,,₹299
6995,Peora Clutch Purses for Women Wedding Handmade Evening Handbags Party Bridal Clutch,accessories,Bags & Luggage,https://m.media-amazon.com/images/W/IMAGERENDERING_521856-T1/images/I/81h0kRHyzKL._AC_UL320_.jpg,https://www.amazon.in/Peora-Clutch-Detachable-Evening-C61CRM/dp/B0B1TN8DKV/ref=sr_1_7004?qid=1679144126&s=luggage&sr=1-7004,4.2,14,"₹1,499","₹6,995"
7178,GANSTA Full Rim Aviator Branded Latest and Stylish Sunglasses | 100% UV Protected | Men & Women | Medium | GN-3002-Sil-Blu...,accessories,Bags & Luggage,https://m.media-amazon.com/images/I/516gbHjJNvL._AC_UL320_.jpg,https://www.amazon.in/Gansta-Protected-Aviator-Sunglasses-Gn-3002-Sil-Blu/dp/B015U83I6Y/ref=sr_1_7187?qid=1679144132&s=luggage&sr=1-7187,3.6,437,₹239,"₹1,299"
10012,"AILTINO Handicraft Beautiful Bling Box Clutch Bag Purse For Bridal, Casual, Wedding",accessories,Bags & Luggage,https://m.media-amazon.com/images/I/91z7MqzpQQL._AC_UL320_.jpg,https://www.amazon.in/Handicraft-Beautiful-Box-Clutch-Set/dp/B0B43VSHDL/ref=sr_1_10021?qid=1679144225&s=luggage&sr=1-10021,4.5,15,₹589,"₹2,999"
403,"Unicorn Toddler Tote Bag, Colorful Plush Princess Cute Unicorn Crossbody Handbags Best Gift for Girls 1-6 Years",accessories,Bags & Luggage,https://m.media-amazon.com/images/I/61szA88w2gL._AC_UL320_.jpg,https://www.amazon.in/Unicorn-Colorful-Princess-Crossbody-Handbags/dp/B09NDB55NL/ref=sr_1_412?qid=1679143900&s=luggage&sr=1-412,4.2,27,₹390,₹999
8198,"AirCase Premium Canvas Backpack fits Upto 15.6"" Laptop, Lightweight & Easy to Clean, Spacious Bag for Office/ Travel/ Coll...",accessories,Bags & Luggage,https://m.media-amazon.com/images/W/IMAGERENDERING_521856-T2/images/I/81zjk7hs5LL._AC_UL320_.jpg,https://www.amazon.in/AirCase-Backpack-Lightweight-Spacious-Warranty/dp/B0B2PCCXMN/ref=sr_1_8207?qid=1679144166&s=luggage&sr=1-8207,4.7,4,,₹999
4320,Aristrocrat COSMIC 26L Polyester Blue Backpack,accessories,Bags & Luggage,https://m.media-amazon.com/images/I/81C402ulcQL._AC_UL320_.jpg,https://www.amazon.in/Aristrocrat-COSMIC-Polyester-Blue-Backpack/dp/B0B6SLP1X7/ref=sr_1_4325?qid=1679144032&s=luggage&sr=1-4325,,,₹764.46,"₹2,290"
1657,"NUFA Geometric Women's Sling Bag | Sling Chain Bag | Stylish, Latest & Trendy bags for School, College and Office",accessories,Bags & Luggage,https://m.media-amazon.com/images/I/71XD+kKSomL._AC_UL320_.jpg,https://www.amazon.in/NUFA-Luminous-Womens-Multicolor-Reflective/dp/B09GH4PQG2/ref=sr_1_1666?qid=1679143943&s=luggage&sr=1-1666,4.2,352,₹999,"₹2,499"
485,Lavie Women's Horse Bag | Ladies Purse Handbag,accessories,Bags & Luggage,https://m.media-amazon.com/images/W/IMAGERENDERING_521856-T1/images/I/81fKsqCVXmL._AC_UL320_.jpg,https://www.amazon.in/Lavie-Horse-Womens-Handbag-Brown/dp/B078XZ95LR/ref=sr_1_490?qid=1679143904&s=luggage&sr=1-490,4.1,"5,865","₹1,356","₹4,499"
19142,American Tourister Kansas Polyester 69 cms Black Softsided Check-in Luggage (FT2 (0) 09 002),accessories,Bags & Luggage,https://m.media-amazon.com/images/I/61DTwkh3CnL._AC_UL320_.jpg,https://www.amazon.in/American-Tourister-FT2-09-002/dp/B07Z7ZMLNQ/ref=sr_1_19199?qid=1679144526&s=luggage&sr=1-19199,3.8,17,"₹4,499","₹8,500"
18730,AUXTER Motivator Grey 25 liters Gym Bag Sports kit Bag Duffle Bag Travel Bag Daytrip Bag with Shoe Pocket for Adults Men W...,accessories,Bags & Luggage,https://m.media-amazon.com/images/I/817ACfD8heL._AC_UL320_.jpg,https://www.amazon.in/AUXTER-Motivator-liters-Sports-Daytrip/dp/B0BLHQM16N/ref=sr_1_18783?qid=1679144513&s=luggage&sr=1-18783,4.0,1,₹599,"₹2,199"
7804,TrendyAge Women Pu Leather Wallet Clutch Combo Of 4 (Multicolour) Top Ladies Purse Handbag Clutch,accessories,Bags & Luggage,https://m.media-amazon.com/images/I/71CtEM0RqmL._AC_UL320_.jpg,https://www.amazon.in/B2B-Bags-Stylish-Backpack-Designer/dp/B07FHY9KGT/ref=sr_1_7813?qid=1679144152&s=luggage&sr=1-7813,3.6,108,₹378,₹499
15938,Aaina Creations Pink handicrafts and jewellery Potli Wristlets Ethnic Potli For Women's | Designer Rajasthani Style Royal ...,accessories,Bags & Luggage,https://m.media-amazon.com/images/I/91aBpLUCcCL._AC_UL320_.jpg,https://www.amazon.in/Creations-handicrafts-jewellery-Wristlets-Rajasthani/dp/B09GJLQ3ST/ref=sr_1_15991?qid=1679144422&s=luggage&sr=1-15991,1.0,1,₹299,₹599
15738,"DEEMOM 15.6"" Polyester Casual Laptop Bags/Backpack for Men with Adjustable Strap Expendable with 2 Compartments",accessories,Bags & Luggage,https://m.media-amazon.com/images/I/41RgwZxQYJL._AC_UL320_.jpg,https://www.amazon.in/Polyester-Backpack-Adjustable-Expendable-Compartments/dp/B08MYK58J8/ref=sr_1_15795?qid=1679144414&s=luggage&sr=1-15795,2.1,2,₹350,₹999
14774,EUME Kevin 14 inch Nylon Laptop Backpack and 26 LTR Water Resistance Backpack,accessories,Bags & Luggage,https://m.media-amazon.com/images/I/81P62g1N23L._AC_UL320_.jpg,https://www.amazon.in/Kevin-Laptop-Backpack-Resistance-Backpack/dp/B07MYWB6DP/ref=sr_1_14831?qid=1679144383&s=luggage&sr=1-14831,4.3,75,"₹1,949","₹4,579"
6797,Anekaant Animal Cotton Jacquard Jungle Weave Quirky Handheld Bag,accessories,Bags & Luggage,https://m.media-amazon.com/images/I/81ef1DZZEvL._AC_UL320_.jpg,https://www.amazon.in/Anekaant-Animal-Cotton-Jacquard-Handheld/dp/B0BH14CTLT/ref=sr_1_6806?qid=1679144116&s=luggage&sr=1-6806,,,"₹1,519","₹1,899"
10204,Caprese Women's Handbag,accessories,Bags & Luggage,https://m.media-amazon.com/images/W/IMAGERENDERING_521856-T1/images/I/91rirv9Sg3L._AC_UL320_.jpg,https://www.amazon.in/Caprese-Whitney-Womens-Tote-Large/dp/B08ZJZPX54/ref=sr_1_10213?qid=1679144231&s=luggage&sr=1-10213,4.1,33,₹985.56,"₹4,299"
17446,Lavie Women's Mobell Weave Sling Bag | Ladies Purse Handbag | Detachable Sling Strap,accessories,Bags & Luggage,https://m.media-amazon.com/images/I/81i6MAUrZWL._AC_UL320_.jpg,https://www.amazon.in/Lavie-Womens-Mobell-Handbag-Detachable/dp/B09GYTNYFL/ref=sr_1_17503?qid=1679144470&s=luggage&sr=1-17503,4.2,21,"₹1,199","₹3,999"
9138,Skybags Globerunner 79 Cms Polycarbonate Hardsided Large Checkin Luggage (CSR) (Blue),accessories,Bags & Luggage,https://m.media-amazon.com/images/I/51Fc7SoY1JL._AC_UL320_.jpg,https://www.amazon.in/Skybags-Globerunner-Polycarbonate-Hardsided-Checkin/dp/B0B5XRBDK8/ref=sr_1_9147?qid=1679144197&s=luggage&sr=1-9147,3.4,11,"₹6,599","₹13,650"
11722,ADISA bow tie handbag for women and girls with sling belt,accessories,Bags & Luggage,https://m.media-amazon.com/images/I/71Ok-aSrG0L._AC_UL320_.jpg,https://www.amazon.in/ADISA-handbag-women-girls-sling/dp/B0BVXB3N5C/ref=sr_1_11727?qid=1679144280&s=luggage&sr=1-11727,4.7,6,₹799,"₹2,399"
14013,Hornbull Leather Wallet and Belt Combo | Leather Wallet for Men | Wallet for Men Leather Stylish | Wallet and Belt Combo f...,accessories,Bags & Luggage,https://m.media-amazon.com/images/W/IMAGERENDERING_521856-T2/images/I/71dgYy0WP8L._AC_UL320_.jpg,https://www.amazon.in/Hornbull-Black-Wallet-Combo-BW9355/dp/B06XB1CPQ6/ref=sr_1_14070?qid=1679144359&s=luggage&sr=1-14070,4.0,"1,947",₹899,"₹3,299"
5253,"Goatter Men's Hunter Leather Multi Pocket Crossbody Messenger Bag (Brown, 10 Inch, GTHT-13)",accessories,Bags & Luggage,https://m.media-amazon.com/images/I/61uVKsD1DrL._AC_UL320_.jpg,https://www.amazon.in/Goatter-Leather-Crossbody-Messenger-GTHT-13/dp/B09CMJQXT1/ref=sr_1_5262?qid=1679144060&s=luggage&sr=1-5262,4.4,109,"₹1,496","₹4,999"
1098,URBAN FOREST Seattle Black/Sand RFID Blocking Leather Wallet for Men,accessories,Bags & Luggage,https://m.media-amazon.com/images/I/81N9aMVnF-L._AC_UL320_.jpg,https://www.amazon.in/Forest-Seattle-Blocking-Leather-Wallet/dp/B0B9X7598X/ref=sr_1_1107?qid=1679143924&s=luggage&sr=1-1107,4.2,174,₹499,"₹2,000"
17022,ABYS Genuine Leather Card Holder||Passport Holder||Travel Wallet||Money Clip||Debit Card Holder||Cheque Book Case for Men ...,accessories,Bags & Luggage,https://m.media-amazon.com/images/I/81sZnGJhSfL._AC_UL320_.jpg,https://www.amazon.in/ABYS-Genuine-Leather-Holder-Passport/dp/B07YZLZZJC/ref=sr_1_17079?qid=1679144456&s=luggage&sr=1-17079,3.7,77,₹759.05,"₹2,599"
13261,Accessorize London Women's Faux Leather Nude Patchwork Camera Bag,accessories,Bags & Luggage,https://m.media-amazon.com/images/I/61iBGxoRmeL._AC_UL320_.jpg,https://www.amazon.in/Accessorize-London-Womens-Leather-Patchwork/dp/B09PR5DDFM/ref=sr_1_13314?qid=1679144335&s=luggage&sr=1-13314,5.0,1,"₹1,939","₹3,995"
3254,"EESKY Women's PU Leather Polka Dot Bow Mini Bunny Cute Backpack (Pink, Small)",accessories,Bags & Luggage,https://m.media-amazon.com/images/I/51WeqS17nbL._AC_UL320_.jpg,https://www.amazon.in/EESKY-Pollka-Backpack-Mini-Small-Backpacks-for-Teenage-Girls-Bunny-Cute-Backpack-Women-PU-Leather-Polka-Dot-Bow-Backpack/dp/B08R2XM8QV/ref=sr_1_3263?qid=1679143994&s=luggage&sr=1-3263,3.8,136,₹287,₹999
18960,"Puma Womens BMW MMS Women's PU Wallet, Black (5430101)",accessories,Bags & Luggage,https://m.media-amazon.com/images/I/51MVtGfMqEL._AC_UL320_.jpg,https://www.amazon.in/Puma-Womens-Wallet-Black-5430101/dp/B0BN41V5VQ/ref=sr_1_19013?qid=1679144521&s=luggage&sr=1-19013,,,"₹2,899","₹3,999"
10505,GODHEAD® Kuber Potli for Laxmi Pooja/Puja | Attract Money| Good Luck| Potli for Prosperity,accessories,Bags & Luggage,https://m.media-amazon.com/images/I/51t28Cl5f+L._AC_UL320_.jpg,https://www.amazon.in/GODHEAD%C2%AE-Kuber-Potli-Attract-Prosperity/dp/B0BCKN75HS/ref=sr_1_10514?qid=1679144240&s=luggage&sr=1-10514,3.3,7,₹756,"₹1,999"
15980,Ankit Traders Gota Work Golden Moti Handle Royal Batwa Bag Bridal Purse Women handbag Shagun Pouch Return Gifts,accessories,Bags & Luggage,https://m.media-amazon.com/images/I/613tgIrwgQL._AC_UL320_.jpg,https://www.amazon.in/Ankit-Traders-Golden-Handle-handbag/dp/B09YYBF3DW/ref=sr_1_16037?qid=1679144422&s=luggage&sr=1-16037,3.6,4,₹759,"₹1,999"
6503,"Caprese Remy Zipper Closure Faux Leather Womens Casual Wallet(Grey, Large)",accessories,Bags & Luggage,https://m.media-amazon.com/images/I/41d5tGgIAnL._AC_UL320_.jpg,https://www.amazon.in/Caprese-Zipper-Closure-Leather-Womens/dp/B0BL6T7TB2/ref=sr_1_6512?qid=1679144106&s=luggage&sr=1-6512,,,₹615,"₹1,249"
8487,Flipco Portable Travel Toiletry Bag Cosmetic Makeup Pouch Toiletry Case Organizer (Multicolor),accessories,Bags & Luggage,https://m.media-amazon.com/images/I/610hZeIR3KL._AC_UL320_.jpg,https://www.amazon.in/Flipco-Portable-Toiletry-Organizer-Multicolor/dp/B08D9NQ128/ref=sr_1_8496?qid=1679144175&s=luggage&sr=1-8496,3.5,39,₹175,₹699
8841,"Arrowmax Gym Duffle Bag Shoulder Bag Bags Travel Duffel Bags, Ideal for Gym/Swimming and Other Sports kit",accessories,Bags & Luggage,https://m.media-amazon.com/images/W/IMAGERENDERING_521856-T2/images/I/713CETRZcBL._AC_UL320_.jpg,https://www.amazon.in/Arrowmax-Duffle-Shoulder-Travel-Swimming/dp/B08LDLQBWR/ref=sr_1_8846?qid=1679144188&s=luggage&sr=1-8846,3.9,75,,₹275
5634,"Bitnex (Pack of 6) Zipper Pull Replacements, Detachable Zipper Pull,Quick Snap Bag Zipper Puller for Bag,Luggage,Clothing,...",accessories,Bags & Luggage,https://m.media-amazon.com/images/I/61nGDInIX4L._AC_UL320_.jpg,https://www.amazon.in/Bitnex-Replacements-Detachable-Clothing-Backpacks/dp/B0BNC1ZXXQ/ref=sr_1_5643?qid=1679144073&s=luggage&sr=1-5643,3.7,7,₹279,₹899
14285,BR SHEON clementine Women's Satchel Bag | Ladies Purse Handbag,accessories,Bags & Luggage,https://m.media-amazon.com/images/I/611EegkbtBL._AC_UL320_.jpg,https://www.amazon.in/BR-SHEON-clementine-Satchel-Handbag/dp/B0BRCW64XM/ref=sr_1_14342?qid=1679144368&s=luggage&sr=1-14342,,,"₹1,399","₹4,499"
6691,Marvel Avenger Combo Keychain (Pack of 4) Metal |Axe Thor Hammer Keychain | Spidr Man Keychain | Ironman Keychain | Doctor...,accessories,Bags & Luggage,https://m.media-amazon.com/images/W/IMAGERENDERING_521856-T1/images/I/51hutP-C92L._AC_UL320_.jpg,https://www.amazon.in/Avenger-Keychain-Doctorstrange-Agamotto-Captainamerica/dp/B0BNF4Q346/ref=sr_1_6700?qid=1679144113&s=luggage&sr=1-6700,5.0,1,₹499,"₹1,399"
1877,"Nestasia Purple Quilted Multipurpose Set of 3 Cosmetic Bag Pouches, Travel Kit, Makeup Pouch, Toiletry Bag of Different Sizes",accessories,Bags & Luggage,https://m.media-amazon.com/images/I/61k9eYe-EWL._AC_UL320_.jpg,https://www.amazon.in/Nestasia-Multipurpose-Cosmetic-Organizers-Different/dp/B0B639SQKQ/ref=sr_1_1882?qid=1679143951&s=luggage&sr=1-1882,4.6,211,₹850,"₹1,070"
4656,"NITROGEN 100% CE FDA Certified Non-Woven Fabric Ultra Soft Stretchable Elastic, 3D Disposable Face Mask with 3 Layer Prote...",accessories,Bags & Luggage,https://m.media-amazon.com/images/I/61ra-wGOFBL._AC_UL320_.jpg,https://www.amazon.in/NITROGEN-Certified-Stretchable-Disposable-Protection/dp/B09HV784FM/ref=sr_1_4661?qid=1679144043&s=luggage&sr=1-4661,4.0,321,₹319,₹999
15206,"Zouk Women's Handcrafted Red Kalamkari Office and 15.6"" Laptop Bag",accessories,Bags & Luggage,https://m.media-amazon.com/images/I/71ciPJ+1qdL._AC_UL320_.jpg,https://www.amazon.in/Womens-Handcrafted-Kalamkari-Office-Laptop/dp/B09T3MR14H/ref=sr_1_15263?qid=1679144397&s=luggage&sr=1-15263,4.3,12,"₹1,699","₹4,863"
19121,"CRAFTSEVER Printed Wallet for Boys,Men 6 Card Holder Wallet,Genuine Leather Stylish bi-fold Canvas Printed Designer Multic...",accessories,Bags & Luggage,https://m.media-amazon.com/images/I/61MhQGMX5aL._AC_UL320_.jpg,https://www.amazon.in/CRAFTSEVER-Printed-Genuine-Designer-Multicolors/dp/B0BS1BYKQ7/ref=sr_1_19178?qid=1679144526&s=luggage&sr=1-19178,,,₹249,₹699
1708,"AirCase Sleeve Messenger Bag with Handle & Detachable Shoulder Strap |for Upto 14"" Laptop/ MacBook | 3-in-1 use | 3 Zipper...",accessories,Bags & Luggage,https://m.media-amazon.com/images/W/IMAGERENDERING_521856-T1/images/I/51px0Xkld0L._AC_UL320_.jpg,https://www.amazon.in/AirCase-C17-Laptop-Sleeve-Handle/dp/B07FJV79CX/ref=sr_1_1717?qid=1679143945&s=luggage&sr=1-1717,4.1,"1,215",₹778,"₹2,399"
1989,Wooum Sling Cross Body Travel Office Business Messenger One Side Shoulder Pouch Bag Money Bag for Men and Women,accessories,Bags & Luggage,https://m.media-amazon.com/images/W/IMAGERENDERING_521856-T1/images/I/81zLPL4mJ1L._AC_UL320_.jpg,https://www.amazon.in/Wooum-Travel-Business-Messenger-Shoulder/dp/B092MF3VLQ/ref=sr_1_1998?qid=1679143954&s=luggage&sr=1-1998,4.2,560,₹328.70,"₹1,499"
4293,Lino Perros Women's leatherette Tote Bag,accessories,Bags & Luggage,https://m.media-amazon.com/images/W/IMAGERENDERING_521856-T1/images/I/71C5nlQa7HL._AC_UL320_.jpg,https://www.amazon.in/Lino-Perros-Womens-Tote-Multi-Colour/dp/B07JN6TTCK/ref=sr_1_4302?qid=1679144030&s=luggage&sr=1-4302,3.9,492,"₹1,510","₹3,995"
2520,Duckback Rubberized Cotton Travel Air Pillow-Purple(Pack of 1),accessories,Bags & Luggage,https://m.media-amazon.com/images/I/21FVo+gomfL._AC_UL320_.jpg,https://www.amazon.in/Duckback-Rubberized-Cotton-Travel-Pillow-Purple/dp/B08XZ2BVCT/ref=sr_1_2529?qid=1679143971&s=luggage&sr=1-2529,3.8,44,₹225,₹255
8298,"DailyObjects Checkered, Polka Dot, Striped 12 Cms Cosmetic Pouch (S_TAN-BEG-LEATHER-ZIP-CLUTCH-SML_Tan Vegan Leather Brown)",accessories,Bags & Luggage,https://m.media-amazon.com/images/I/61Nm7Rz18qL._AC_UL320_.jpg,https://www.amazon.in/DailyObjects-Vegan-Leather-Stash-Pouch/dp/B082S4ZVW9/ref=sr_1_8307?qid=1679144169&s=luggage&sr=1-8307,4.2,34,₹325,₹799
7316,WOMEN MARKS WOMEN'S SLING BAG,accessories,Bags & Luggage,https://m.media-amazon.com/images/W/IMAGERENDERING_521856-T2/images/I/71QpajSnx9L._AC_UL320_.jpg,https://www.amazon.in/WOMEN-MARKS-WOMENS-SLING-BLACK/dp/B08YFDRKVH/ref=sr_1_7325?qid=1679144136&s=luggage&sr=1-7325,4.1,317,₹829,"₹2,999"
4342,Gurumukh Unicorn Sling Bags Shoulder Bag Hand Bag Purse for Kids Girls(Pink) (Assorted design),accessories,Bags & Luggage,https://m.media-amazon.com/images/I/51jycEfeNyL._AC_UL320_.jpg,https://www.amazon.in/Gurumukh-Unicorn-Shoulder-Assorted-design/dp/B0BN4LQGXT/ref=sr_1_4351?qid=1679144032&s=luggage&sr=1-4351,4.6,3,₹479,₹999
4522,EUME Brizo 32 Liters 3 Compartment Office and Travel Bags Polyester Casual Daypacks Laptop Backpacks - Grey,accessories,Bags & Luggage,https://m.media-amazon.com/images/I/81cOGVCxnRL._AC_UL320_.jpg,https://www.amazon.in/EUME-Resistant-compartments-Backpack-College/dp/B08KSGJHRJ/ref=sr_1_4527?qid=1679144038&s=luggage&sr=1-4527,4.0,482,"₹1,539","₹3,359"
9794,Terminator Large 55 L Unisex Laptop Backpack For School/Office/Travel/Casual and Fits Upto 17 Inch Laptop,accessories,Bags & Luggage,https://m.media-amazon.com/images/W/IMAGERENDERING_521856-T1/images/I/61mM5rGfirL._AC_UL320_.jpg,https://www.amazon.in/Terminator-Unisex-Laptop-Backpack-School/dp/B0BSV4JDZZ/ref=sr_1_9799?qid=1679144219&s=luggage&sr=1-9799,,,₹699,"₹4,599"
9104,Caprese Women's Handbag,accessories,Bags & Luggage,https://m.media-amazon.com/images/I/91rI7sZWfEL._AC_UL320_.jpg,https://www.amazon.in/Caprese-Grenda-Womens-Wallet-Pink/dp/B07D3XKP9G/ref=sr_1_9113?qid=1679144196&s=luggage&sr=1-9113,4.1,603,₹759,"₹2,199"
6450,Puma Women Handbag Black,accessories,Bags & Luggage,https://m.media-amazon.com/images/I/416hte00IHL._AC_UL320_.jpg,https://www.amazon.in/Puma-Womens-Prime-Shopper-7833901/dp/B08PFHT831/ref=sr_1_6459?qid=1679144105&s=luggage&sr=1-6459,4.6,6,"₹3,039","₹3,499"
6836,Mobius 100% Trendsetter Pro Waterproof SLR / DSLR Backpack With Rain Cover |DSLR Camera With Lens 18 135 Lens 3 Nos 70-200...,accessories,Bags & Luggage,https://m.media-amazon.com/images/W/IMAGERENDERING_521856-T1/images/I/A1tyvFHWWiS._AC_UL320_.jpg,https://www.amazon.in/MOBIUS-TRENDSETTER-WATERPROOF-BACKPACK-15-4Inches/dp/B09929HB9T/ref=sr_1_6845_mod_primary_new?qid=1679144118&s=luggage&sbo=RZvfv%2F%2FHxDF%2BO5021pAnSA%3D%3D&sr=1-6845,4.0,38,"₹3,499","₹3,990"
18465,SHAMRIZ Women Sling Bag With Adjustable strap | handbag | purse |Side Sling bag | Tassel Sling Bag,accessories,Bags & Luggage,https://m.media-amazon.com/images/I/61r4mzSxvmL._AC_UL320_.jpg,https://www.amazon.in/SHAMRIZ-Sling-Adjustable-handbag-bag/dp/B09RT4PRHJ/ref=sr_1_18522?qid=1679144504&s=luggage&sr=1-18522,4.1,4,₹333,₹999
5518,ZOUK Wallets for Women - Handmade Classic Wallets for Females - Vegan Leather and Jute Purse for Ladies - Wallets with Mob...,accessories,Bags & Luggage,https://m.media-amazon.com/images/I/71brVsPmtjL._AC_UL320_.jpg,https://www.amazon.in/ZOUK-Wallets-Women-Handmade-Classic/dp/B09QVLJS47/ref=sr_1_5527?qid=1679144069&s=luggage&sr=1-5527,4.4,6,₹999,"₹2,198"
